,type,vol_cost,source
0,LRC,467.4928975849055,Ahluwalia
1,Salt,319.266997960846,Ahluwalia
2,Pipes,4417.255725211706,Ahluwalia
3,Salt,62.322667410165145,Keissling 2021
0,Salt,55.0,Hyunder
1,LRC,419.75,Hyunder
2,LRC,752.0,Keissling 2021
3,Salt,23.0,Lord 2014
4,LRC,84.0,Lord 2014
