display_text,SM_name,x,y,fix,ha,va
Ethanol,Ethanol,0.5934552073032403,0.5684143207653969,,left,top
Isopentane,Isopentane,0.2659532620506643,0.5633279846561206,,left,center
LN_{2},LN2,0.07995543104950664,0.7216704432793952,,left,bottom
Methanol,Methanol,0.40462520181544914,0.5211898034309526,,center,top
N-hexane,N-hexane,0.5492180194449111,0.6674919504596581,,left,center
N-pentane,N-pentane,0.49271192342443226,0.7704835171668756,,left,bottom
N-propane,N-propane,0.12111204293001399,0.6113420101132376,,left,bottom
