display_text,SM_name,x,y,fix,ha,va
Ethanol,Ethanol,0.5295081039636534,0.6084425094169121,,left,top
Isopentane,Isopentane,0.09916623983870954,0.6575437440060306,,left,center
LN_{2},LN2,0.07995543104950664,0.7559958760295464,,left,bottom
Methanol,Methanol,0.2453992199634103,0.5464944574688602,,left,top
N-hexane,N-hexane,0.5692576214344384,0.7504378144049757,,left,center
N-pentane,N-pentane,0.2840568985309323,0.7779633497618541,,left,bottom
N-propane,N-propane,0.4301264203929581,0.6446109006961283,,left,top
